"ds","trend","additive_terms","additive_terms_lower","additive_terms_upper","yearly","yearly_lower","yearly_upper","multiplicative_terms","multiplicative_terms_lower","multiplicative_terms_upper","yhat_lower","yhat_upper","trend_lower","trend_upper","yhat"
2017-06-01,1466439.39674927,14990.2664003049,14990.2664003049,14990.2664003049,14990.2664003049,14990.2664003049,14990.2664003049,0,0,0,1452319.09657957,1510921.78970333,1466439.39674927,1466439.39674927,1481429.66314958
2017-07-01,1465953.57171943,13983.5558954028,13983.5558954028,13983.5558954028,13983.5558954028,13983.5558954028,13983.5558954028,0,0,0,1450105.70712189,1508570.0589549,1465953.57171943,1465953.57171943,1479937.12761483
2017-08-01,1465451.55252192,8292.20141813052,8292.20141813052,8292.20141813052,8292.20141813052,8292.20141813052,8292.20141813052,0,0,0,1447617.94847887,1501495.68049956,1465451.55252192,1465451.55252192,1473743.75394005
2017-09-01,1464949.53332441,9253.0151351363,9253.0151351363,9253.0151351363,9253.0151351363,9253.0151351363,9253.0151351363,0,0,0,1444119.82501963,1505771.20133814,1464949.53332441,1464949.53332441,1474202.54845955
2017-10-01,1464463.70830101,10884.0235811565,10884.0235811565,10884.0235811565,10884.0235811565,10884.0235811565,10884.0235811565,0,0,0,1446986.62025311,1504421.13372444,1464463.70830101,1464463.70830101,1475347.73188217
2017-11-01,1463961.68911017,10697.2176340222,10697.2176340222,10697.2176340222,10697.2176340222,10697.2176340222,10697.2176340222,0,0,0,1446170.42280599,1502614.70242055,1463961.68911017,1463961.68911017,1474658.90674419
2017-12-01,1463475.86408677,15929.3547946018,15929.3547946018,15929.3547946018,15929.3547946018,15929.3547946018,15929.3547946018,0,0,0,1452676.95995941,1507915.2254736,1463475.86408677,1463475.86408677,1479405.21888137
2018-01-01,1462716.13250221,13649.7478383163,13649.7478383163,13649.7478383163,13649.7478383163,13649.7478383163,13649.7478383163,0,0,0,1448117.72150637,1506485.53736361,1462716.13250221,1462716.13250221,1476365.88034052
2018-02-01,1461956.40091764,14690.388255239,14690.388255239,14690.388255239,14690.388255239,14690.388255239,14690.388255239,0,0,0,1447613.74142659,1504419.84875082,1461956.40091764,1461956.40091764,1476646.78917288
2018-03-01,1461270.19174449,14730.0679160538,14730.0679160538,14730.0679160538,14730.0679160538,14730.0679160538,14730.0679160538,0,0,0,1445222.12598354,1504073.57861192,1461270.19174449,1461270.19174449,1476000.25966054
2018-04-01,1456101.1487722,12131.6661922678,12131.6661922678,12131.6661922678,12131.6661922678,12131.6661922678,12131.6661922678,0,0,0,1439703.0684908,1497507.87325577,1456101.1487722,1456101.1487722,1468232.81496446
2018-05-01,1451098.84912159,10451.7340203472,10451.7340203472,10451.7340203472,10451.7340203472,10451.7340203472,10451.7340203472,0,0,0,1432643.06425922,1488282.16310228,1451098.84912159,1451098.84912159,1461550.58314193
2018-06-01,1445929.80614929,12524.4508989082,12524.4508989082,12524.4508989082,12524.4508989082,12524.4508989082,12524.4508989082,0,0,0,1430498.54758167,1487913.13558006,1445929.80614929,1445929.80614929,1458454.2570482
2018-07-01,1440926.8549745,8343.71641747463,8343.71641747463,8343.71641747463,8343.71641747463,8343.71641747463,8343.71641747463,0,0,0,1421636.20555579,1478471.95905744,1440926.8549745,1440926.8549745,1449270.57139197
2018-08-01,1435757.13876054,2604.70426702173,2604.70426702173,2604.70426702173,2604.70426702173,2604.70426702173,2604.70426702173,0,0,0,1408920.14732464,1468516.02956974,1435757.13876054,1435757.13876054,1438361.84302756
2018-09-01,1430587.42254659,12583.5448658467,12583.5448658467,12583.5448658467,12583.5448658467,12583.5448658467,12583.5448658467,0,0,0,1415910.5600067,1472301.12544073,1430587.42254659,1430587.42254659,1443170.96741243
2018-10-01,1425584.47155355,17062.3777433294,17062.3777433294,17062.3777433294,17062.3777433294,17062.3777433294,17062.3777433294,0,0,0,1412971.38617922,1471755.56178491,1425584.47155355,1425584.47155355,1442646.84929688
2018-11-01,1420414.75552741,14804.7849401321,14804.7849401321,14804.7849401321,14804.7849401321,14804.7849401321,14804.7849401321,0,0,0,1407305.97929775,1465511.48731157,1420414.75552741,1420414.75552741,1435219.54046754
2018-12-01,1415411.80453438,17457.8903194682,17457.8903194682,17457.8903194682,17457.8903194682,17457.8903194682,17457.8903194682,0,0,0,1403467.61163431,1462758.49260503,1415411.80453438,1415411.80453438,1432869.69485384
2019-01-01,1410242.91334128,7698.00201172368,7698.00201172368,7698.00201172368,7698.00201172368,7698.00201172368,7698.00201172368,0,0,0,1388825.95567468,1445427.62499729,1410242.91334128,1410242.91334128,1417940.91535301
2019-02-01,1405074.02214819,-2652.717346261,-2652.717346261,-2652.717346261,-2652.717346261,-2652.717346261,-2652.717346261,0,0,0,1372309.46018981,1430030.85400139,1405074.02214819,1405074.02214819,1402421.30480193
2019-03-01,1401522.78225431,30383.6558164439,30383.6558164439,30383.6558164439,30383.6558164439,30383.6558164439,30383.6558164439,0,0,0,1402504.81516827,1460158.43105691,1401522.78225431,1401522.78225431,1431906.43807075
2019-04-01,1397591.0523718,18481.5861807557,18481.5861807557,18481.5861807557,18481.5861807557,18481.5861807557,18481.5861807557,0,0,0,1386677.29381833,1444608.44453141,1397591.0523718,1397591.0523718,1416072.63855255
2019-05-01,1393786.1524855,9578.25821357998,9578.25821357998,9578.25821357998,9578.25821357998,9578.25821357998,9578.25821357998,0,0,0,1373917.80820056,1432814.49954505,1393786.1524855,1393786.1524855,1403364.41069908
2019-06-01,1391332.95430045,9901.53816355233,9901.53816355233,9901.53816355233,9901.53816355233,9901.53816355233,9901.53816355233,0,0,0,1373952.85989723,1429612.21993966,1391332.95430045,1391332.95430045,1401234.492464
2019-07-01,1388958.89154072,2690.72265576618,2690.72265576618,2690.72265576618,2690.72265576618,2690.72265576618,2690.72265576618,0,0,0,1361399.78429434,1421356.56961269,1388958.89154072,1388958.89154072,1391649.61419648
2019-08-01,1386505.69335567,-2880.77717334699,-2880.77717334699,-2880.77717334699,-2880.77717334699,-2880.77717334699,-2880.77717334699,0,0,0,1355623.69414151,1410645.19475294,1386505.69335567,1386505.69335567,1383624.91618232
2019-09-01,1385558.80272716,16151.6875841734,16151.6875841734,16151.6875841734,16151.6875841734,16151.6875841734,16151.6875841734,0,0,0,1373409.78239232,1431174.73039641,1385558.80272716,1385558.80272716,1401710.49031133
2019-10-01,1384642.45695764,23267.6991414937,23267.6991414937,23267.6991414937,23267.6991414937,23267.6991414937,23267.6991414937,0,0,0,1376239.05802,1437401.33750375,1384642.45695764,1384642.45695764,1407910.15609913
2019-11-01,1383695.56632913,18781.7341208679,18781.7341208679,18781.7341208679,18781.7341208679,18781.7341208679,18781.7341208679,0,0,0,1375729.97498491,1431284.02797023,1383695.56632913,1383695.56632913,1402477.30045
2019-12-01,1388630.87893222,18730.2690940111,18730.2690940111,18730.2690940111,18730.2690940111,18730.2690940111,18730.2690940111,0,0,0,1377954.15138187,1436011.60319572,1388630.87893222,1388630.87893222,1407361.14802624
2020-01-01,1393730.70195542,1510.18042435242,1510.18042435242,1510.18042435242,1510.18042435242,1510.18042435242,1510.18042435242,0,0,0,1365690.65987004,1423953.75530831,1393730.70195542,1393730.70195542,1395240.88237977
2020-02-01,1398830.52497862,-19727.8892037293,-19727.8892037293,-19727.8892037293,-19727.8892037293,-19727.8892037293,-19727.8892037293,0,0,0,1349877.92520213,1406451.21515056,1398830.52497862,1398830.52497862,1379102.63577489
2020-03-01,1408370.08694274,-15654.6142812332,-15654.6142812332,-15654.6142812332,-15654.6142812332,-15654.6142812332,-15654.6142812332,0,0,0,1364442.88756908,1424451.85200165,1408370.08694274,1408370.08694274,1392715.4726615
2020-04-01,1418567.54973197,-1061.0373854607,-1061.0373854607,-1061.0373854607,-1061.0373854607,-1061.0373854607,-1061.0373854607,0,0,0,1388160.93396417,1444409.43909019,1418567.54973197,1418567.54973197,1417506.51234651
2020-05-01,1428436.06210864,11519.7826454288,11519.7826454288,11519.7826454288,11519.7826454288,11519.7826454288,11519.7826454288,0,0,0,1410759.82677797,1468157.72413078,1428436.06210864,1428436.06210864,1439955.84475407
2020-06-01,1440062.76208484,17294.1192584043,17294.1192584043,17294.1192584043,17294.1192584043,17294.1192584043,17294.1192584043,0,0,0,1427588.53045132,1484922.86804243,1440062.76208484,1440062.76208484,1457356.88134325
2020-07-01,1451314.4072231,19600.4885058486,19600.4885058486,19600.4885058486,19600.4885058486,19600.4885058486,19600.4885058486,0,0,0,1443077.36539879,1500635.98305385,1451314.4072231,1451314.4072231,1470914.89572895
2020-08-01,1462941.1071993,14174.0670959215,14174.0670959215,14174.0670959215,14174.0670959215,14174.0670959215,14174.0670959215,0,0,0,1446784.9219206,1506698.38184267,1462941.1071993,1462941.1071993,1477115.17429522
2020-09-01,1474567.80708106,6164.15076493242,6164.15076493242,6164.15076493242,6164.15076493242,6164.15076493242,6164.15076493242,0,0,0,1452405.11492428,1508642.26482068,1474567.80708106,1474567.80708106,1480731.95784599
2020-10-01,1485819.45212793,4742.84304814257,4742.84304814257,4742.84304814257,4742.84304814257,4742.84304814257,4742.84304814257,0,0,0,1463614.14363419,1518620.64719035,1485819.45212793,1485819.45212793,1490562.29517607
2020-11-01,1497446.15200969,6466.81140879172,6466.81140879172,6466.81140879172,6466.81140879172,6466.81140879172,6466.81140879172,0,0,0,1476295.81914869,1533669.07104515,1497446.15200969,1497446.15200969,1503912.96341848
2020-12-01,1508697.79717261,14145.0964585742,14145.0964585742,14145.0964585742,14145.0964585742,14145.0964585742,14145.0964585742,0,0,0,1493738.5185306,1551882.31216534,1508697.79717261,1508697.79717261,1522842.89363118
2021-01-01,1520324.49717429,19353.3886437976,19353.3886437976,19353.3886437976,19353.3886437976,19353.3886437976,19353.3886437976,0,0,0,1509960.26216174,1569584.86835662,1520324.49717429,1520324.49717429,1539677.88581809
2021-02-01,1531951.19717597,32281.3125006977,32281.3125006977,32281.3125006977,32281.3125006977,32281.3125006977,32281.3125006977,0,0,0,1533856.30199301,1593359.64770566,1531951.19717597,1531951.19717597,1564232.50967667
2021-03-01,1542452.73268598,-621.783185327553,-621.783185327553,-621.783185327553,-621.783185327553,-621.783185327553,-621.783185327553,0,0,0,1512990.09656008,1569153.52695649,1542452.73268598,1542452.73268598,1541830.94950065
2021-04-01,1554079.43271492,5613.25655232785,5613.25655232785,5613.25655232785,5613.25655232785,5613.25655232785,5613.25655232785,0,0,0,1530654.36018106,1586604.48732332,1554079.43271492,1554079.43271492,1559692.68926725
2021-05-01,1565331.07790422,11098.6881353475,11098.6881353475,11098.6881353475,11098.6881353475,11098.6881353475,11098.6881353475,0,0,0,1546798.66283699,1604387.96178639,1565331.07790422,1565331.07790422,1576429.76603957
2021-06-01,1576957.7770257,14990.2664003623,14990.2664003623,14990.2664003623,14990.2664003623,14990.2664003623,14990.2664003623,0,0,0,1560777.37239501,1621484.04041204,1576957.7770257,1576957.7770257,1591948.04342606
2021-07-01,1588209.42133681,13983.5558953059,13983.5558953059,13983.5558953059,13983.5558953059,13983.5558953059,13983.5558953059,0,0,0,1574011.07567533,1631564.07932148,1588209.42133681,1588209.42133681,1602192.97723212
2021-08-01,1599836.12045829,8292.20141811878,8292.20141811878,8292.20141811878,8292.20141811878,8292.20141811878,8292.20141811878,0,0,0,1582843.44439447,1635807.69328111,1599836.12045829,1599836.12045829,1608128.32187641
2021-09-01,1611451.23660942,9253.01513514693,9253.01513514693,9253.01513514693,9253.01513514693,9253.01513514693,9253.01513514693,0,0,0,1593102.02171769,1649243.11710221,1611451.23660942,1611451.23660942,1620704.25174456
2021-10-01,1622691.67159437,10884.0235811281,10884.0235811281,10884.0235811281,10884.0235811281,10884.0235811281,10884.0235811281,0,0,0,1604106.54484389,1661699.49240479,1622691.67159437,1622691.67159437,1633575.6951755
2021-11-01,1634306.78774549,10697.217634061,10697.217634061,10697.217634061,10697.217634061,10697.217634061,10697.217634061,0,0,0,1614363.00270489,1671715.31549658,1634306.78774549,1634306.78774549,1645004.00537955
2021-12-01,1644791.04440191,15929.3547945722,15929.3547945722,15929.3547945722,15929.3547945722,15929.3547945722,15929.3547945722,0,0,0,1631539.21273375,1690254.69852245,1644791.04440191,1644791.04440191,1660720.39919648
2022-01-01,1655624.77628021,13649.7478382833,13649.7478382833,13649.7478382833,13649.7478382833,13649.7478382833,13649.7478382833,0,0,0,1639545.42114239,1696374.45270777,1655624.77628021,1655624.77628021,1669274.52411849
2022-02-01,1666458.50815851,14690.3882552443,14690.3882552443,14690.3882552443,14690.3882552443,14690.3882552443,14690.3882552443,0,0,0,1653658.01630087,1710597.01645482,1666458.50815851,1666458.50815851,1681148.89641375
2022-03-01,1675967.68348845,14730.0679160565,14730.0679160565,14730.0679160565,14730.0679160565,14730.0679160565,14730.0679160565,0,0,0,1662885.32643854,1719287.25330295,1675967.68348845,1675967.68348845,1690697.7514045
2022-04-01,1686495.69903231,12131.6661921963,12131.6661921963,12131.6661921963,12131.6661921963,12131.6661921963,12131.6661921963,0,0,0,1670602.20298844,1726672.30969492,1686495.69903231,1686495.69903231,1698627.3652245
2022-05-01,1696684.10117153,10451.734020328,10451.734020328,10451.734020328,10451.734020328,10451.734020328,10451.734020328,0,0,0,1678417.60481562,1734558.34347605,1696684.10117153,1696684.10117153,1707135.83519185
2022-06-01,1707182.05517309,12524.4508989027,12524.4508989027,12524.4508989027,12524.4508989027,12524.4508989027,12524.4508989027,0,0,0,1690350.61989472,1749684.51267061,1707182.05517309,1707182.05517309,1719706.50607199
2022-07-01,1717341.36549718,8343.71641748381,8343.71641748381,8343.71641748381,8343.71641748381,8343.71641748381,8343.71641748381,0,0,0,1696126.81567917,1755874.38406041,1717341.36549718,1717341.36549718,1725685.08191467
2022-08-01,1727839.31949875,2604.70426700431,2604.70426700431,2604.70426700431,2604.70426700431,2604.70426700431,2604.70426700431,0,0,0,1700035.66344844,1758811.1280887,1727839.31949875,1727839.31949875,1730444.02376575
2022-09-01,1738324.74808151,12583.5448658784,12583.5448658784,12583.5448658784,12583.5448658784,12583.5448658784,12583.5448658784,0,0,0,1722741.28507966,1780828.88622884,1738324.74808151,1738324.74808151,1750908.29294739
2022-10-01,1748471.93703257,17062.3777433806,17062.3777433806,17062.3777433806,17062.3777433806,17062.3777433806,17062.3777433806,0,0,0,1737032.02525743,1793466.00246531,1748471.93703257,1748471.93703257,1765534.31477595
2022-11-01,1758957.36561534,14804.7849401214,14804.7849401214,14804.7849401214,14804.7849401214,14804.7849401214,14804.7849401214,0,0,0,1744593.10026768,1803379.2989791,1758957.36561534,1758957.36561534,1773762.15055546
2022-12-01,1766941.86625033,17457.8903194356,17457.8903194356,17457.8903194356,17457.8903194356,17457.8903194356,17457.8903194356,0,0,0,1755354.71322108,1814645.46655836,1766941.86625033,1766941.86625033,1784399.75656976
2023-01-01,1775192.51690648,7698.00201180261,7698.00201180261,7698.00201180261,7698.00201180261,7698.00201180261,7698.00201180261,0,0,0,1755246.9513402,1813195.39638902,1775192.51690648,1775192.51690648,1782890.51891828
2023-02-01,1783443.16756263,-2652.71734631663,-2652.71734631663,-2652.71734631663,-2652.71734631663,-2652.71734631663,-2652.71734631663,0,0,0,1751646.73254741,1809430.51705167,1783443.16756263,1783443.16756263,1780790.45021632
2023-03-01,1780355.76606168,30383.6558164225,30383.6558164225,30383.6558164225,30383.6558164225,30383.6558164225,30383.6558164225,0,0,0,1781962.05213889,1837925.37086101,1780355.76606168,1780355.76606168,1810739.4218781
2023-04-01,1776937.57154277,18481.586180761,18481.586180761,18481.586180761,18481.586180761,18481.586180761,18481.586180761,0,0,0,1767247.00725901,1824904.77241353,1776937.57154277,1776937.57154277,1795419.15772353
2023-05-01,1773629.64136317,9578.25821358303,9578.25821358303,9578.25821358303,9578.25821358303,9578.25821358303,9578.25821358303,0,0,0,1754699.96792459,1811977.15221077,1773629.64136317,1773629.64136317,1783207.89957676
2023-06-01,1754384.19210019,9901.53816347825,9901.53816347825,9901.53816347825,9901.53816347825,9901.53816347825,9901.53816347825,0,0,0,1733877.40466329,1793662.1133158,1754384.19210019,1754384.19210019,1764285.73026367
2023-07-01,1735759.56378118,2690.72265579856,2690.72265579856,2690.72265579856,2690.72265579856,2690.72265579856,2690.72265579856,0,0,0,1709854.40130446,1768683.29014237,1735759.56378118,1735759.56378118,1738450.28643698
2023-08-01,1716514.1145182,-2880.77717336185,-2880.77717336185,-2880.77717336185,-2880.77717336185,-2880.77717336185,-2880.77717336185,0,0,0,1685953.28547464,1743092.61675155,1716514.1145182,1716514.1145182,1713633.33734484
2023-09-01,1697268.66553305,16151.6875840866,16151.6875840866,16151.6875840866,16151.6875840866,16151.6875840866,16151.6875840866,0,0,0,1684604.36935624,1742373.87073952,1697268.66553305,1697268.66553305,1713420.35311714
2023-10-01,1678644.03748291,23267.6991413642,23267.6991413642,23267.6991413642,23267.6991413642,23267.6991413642,23267.6991413642,0,0,0,1672035.32664734,1730886.36367314,1678644.03748291,1678644.03748291,1701911.73662427
2023-11-01,1659398.58849776,18781.7341207711,18781.7341207711,18781.7341207711,18781.7341207711,18781.7341207711,18781.7341207711,0,0,0,1646406.54104886,1705440.17630582,1659398.58849776,1659398.58849776,1678180.32261854
2023-12-01,1640773.96044762,18730.2690940223,18730.2690940223,18730.2690940223,18730.2690940223,18730.2690940223,18730.2690940223,0,0,0,1631532.10997127,1688083.38176627,1640773.96044762,1640773.96044762,1659504.22954165
2024-01-01,1621528.51146248,1510.18042427591,1510.18042427591,1510.18042427591,1510.18042427591,1510.18042427591,1510.18042427591,0,0,0,1593383.98721626,1651676.94215393,1621528.51146248,1621528.51146248,1623038.69188675
2024-02-01,1602283.06247733,-19727.8892038024,-19727.8892038024,-19727.8892038024,-19727.8892038024,-19727.8892038024,-19727.8892038024,0,0,0,1553566.30129726,1611042.27380647,1602283.06247733,1602283.06247733,1582555.17327353
2024-03-01,1584279.2553622,-15654.6142813516,-15654.6142813516,-15654.6142813516,-15654.6142813516,-15654.6142813516,-15654.6142813516,0,0,0,1540608.33450365,1598875.22908258,1584279.2553622,1584279.2553622,1568624.64108084
2024-04-01,1565033.80637705,-1061.03738540585,-1061.03738540585,-1061.03738540585,-1061.03738540585,-1061.03738540585,-1061.03738540585,0,0,0,1535643.62693764,1593053.47936248,1565033.80637705,1565033.80637705,1563972.76899164
2024-05-01,1546409.17832691,11519.782645395,11519.782645395,11519.782645395,11519.782645395,11519.782645395,11519.782645395,0,0,0,1528350.39383732,1588559.40537811,1546409.17832691,1546409.17832691,1557928.9609723
2024-06-01,1527163.72934176,17294.1192584055,17294.1192584055,17294.1192584055,17294.1192584055,17294.1192584055,17294.1192584055,0,0,0,1514282.90265744,1573776.6275703,1527163.72934176,1527163.72934176,1544457.84860017
2024-07-01,1508539.10129162,19600.4885059551,19600.4885059551,19600.4885059551,19600.4885059551,19600.4885059551,19600.4885059551,0,0,0,1498642.19924248,1556001.88246042,1508539.10129162,1508539.10129162,1528139.58979758
2024-08-01,1489293.65230648,14174.0670958992,14174.0670958992,14174.0670958992,14174.0670958992,14174.0670958992,14174.0670958992,0,0,0,1475368.34005454,1532172.69258862,1489293.65230648,1489293.65230648,1503467.71940238
2024-09-01,1470048.20332133,6164.15076494065,6164.15076494065,6164.15076494065,6164.15076494065,6164.15076494065,6164.15076494065,0,0,0,1447805.69171662,1506445.64365163,1470048.20332133,1470048.20332133,1476212.35408627
2024-10-01,1451423.57527119,4742.84304810869,4742.84304810869,4742.84304810869,4742.84304810869,4742.84304810869,4742.84304810869,0,0,0,1428983.67362941,1484696.27651422,1451423.57527119,1451423.57527119,1456166.4183193
2024-11-01,1432178.12628604,6466.81140880021,6466.81140880021,6466.81140880021,6466.81140880021,6466.81140880021,6466.81140880021,0,0,0,1409996.20834171,1466565.20271751,1432178.12628604,1432178.12628604,1438644.93769484
2024-12-01,1413553.4982359,14145.0964585324,14145.0964585324,14145.0964585324,14145.0964585324,14145.0964585324,14145.0964585324,0,0,0,1399111.08353047,1456436.14673623,1413553.4982359,1413553.4982359,1427698.59469444
2025-01-01,1394308.04925076,19353.3886438761,19353.3886438761,19353.3886438761,19353.3886438761,19353.3886438761,19353.3886438761,0,0,0,1384595.55486117,1444135.55158603,1394308.04925076,1394308.04925076,1413661.43789463
2025-02-01,1375062.60026561,32281.3125006632,32281.3125006632,32281.3125006632,32281.3125006632,32281.3125006632,32281.3125006632,0,0,0,1379595.62205503,1439054.97112225,1375062.60026561,1375062.60026561,1407343.91276627
2025-03-01,1357679.61408548,-621.783185343371,-621.783185343371,-621.783185343371,-621.783185343371,-621.783185343371,-621.783185343371,0,0,0,1327118.4338898,1387526.37068601,1357679.61408548,1357679.61408548,1357057.83090014
2025-04-01,1338434.16510033,5613.25655239617,5613.25655239617,5613.25655239617,5613.25655239617,5613.25655239617,5613.25655239617,0,0,0,1313457.51837377,1372701.5166693,1338340.0204683,1338683.0805426,1344047.42165273
2025-05-01,1319809.53705019,11098.6881353449,11098.6881353449,11098.6881353449,11098.6881353449,11098.6881353449,11098.6881353449,0,0,0,1301619.37159278,1359020.85781965,1318221.78193725,1321533.70546811,1330908.22518554
2025-06-01,1300564.08806505,14990.2664002965,14990.2664002965,14990.2664002965,14990.2664002965,14990.2664002965,14990.2664002965,0,0,0,1284694.16232082,1344965.76921086,1296721.7219545,1304718.18337963,1315554.35446534
2025-07-01,1281939.46001491,13983.5558952407,13983.5558952407,13983.5558952407,13983.5558952407,13983.5558952407,13983.5558952407,0,0,0,1266351.20363381,1326866.23511168,1275821.70534867,1288704.409104,1295923.01591015
2025-08-01,1262694.01102976,8292.20141813026,8292.20141813026,8292.20141813026,8292.20141813026,8292.20141813026,8292.20141813026,0,0,0,1237751.30714072,1303244.8112559,1253595.81639695,1273400.06296969,1270986.21244789
2025-09-01,1243448.56204462,9253.01513510769,9253.01513510769,9253.01513510769,9253.01513510769,9253.01513510769,9253.01513510769,0,0,0,1219453.85330312,1285620.08842759,1230903.91654556,1257523.87052663,1252701.57717972
2025-10-01,1224823.93399447,10884.0235811559,10884.0235811559,10884.0235811559,10884.0235811559,10884.0235811559,10884.0235811559,0,0,0,1201210.96381576,1269213.76736339,1208488.47554323,1242520.95983192,1235707.95757563
2025-11-01,1205578.48500933,10697.217634125,10697.217634125,10697.217634125,10697.217634125,10697.217634125,10697.217634125,0,0,0,1179100.62747536,1250155.14630081,1183812.68913192,1227856.91312741,1216275.70264345
2025-12-01,1186953.85695919,15929.354794558,15929.354794558,15929.354794558,15929.354794558,15929.354794558,15929.354794558,0,0,0,1163780.30800992,1241377.77134579,1160792.02258593,1212823.84964264,1202883.21175375
2026-01-01,1167708.40797404,13649.7478382874,13649.7478382874,13649.7478382874,13649.7478382874,13649.7478382874,13649.7478382874,0,0,0,1141498.31478165,1225000.89023844,1136467.806535,1199690.21648421,1181358.15581233
2026-02-01,1148462.9589889,14690.3882552317,14690.3882552317,14690.3882552317,14690.3882552317,14690.3882552317,14690.3882552317,0,0,0,1114631.53100074,1211642.89105644,1111014.63251818,1184734.18255141,1163153.34724413
2026-03-01,1131079.97280876,14730.0679160908,14730.0679160908,14730.0679160908,14730.0679160908,14730.0679160908,14730.0679160908,0,0,0,1093121.78234944,1196137.1360769,1088146.04364313,1172556.62294871,1145810.04072486
2026-04-01,1111834.52382362,12131.6661922738,12131.6661922738,12131.6661922738,12131.6661922738,12131.6661922738,12131.6661922738,0,0,0,1066483.65317335,1179328.06227696,1063559.10034531,1159745.85166506,1123966.19001589
2026-05-01,1093209.89577348,10451.7340203294,10451.7340203294,10451.7340203294,10451.7340203294,10451.7340203294,10451.7340203294,0,0,0,1040682.9392405,1167762.03291532,1039849.35330551,1146645.32704467,1103661.62979381
2026-06-01,1073964.44678833,12524.4508989627,12524.4508989627,12524.4508989627,12524.4508989627,12524.4508989627,12524.4508989627,0,0,0,1020548.07763906,1153610.93899509,1015450.91589875,1133426.83307072,1086488.89768729
2026-07-01,1055339.81873819,8343.71641753415,8343.71641753415,8343.71641753415,8343.71641753415,8343.71641753415,8343.71641753415,0,0,0,993013.998546559,1136336.07553487,990516.488000212,1120238.94850215,1063683.53515573
2026-08-01,1036094.36975305,2604.70426700927,2604.70426700927,2604.70426700927,2604.70426700927,2604.70426700927,2604.70426700927,0,0,0,959406.093748908,1116302.65602614,961682.943173537,1107949.30849728,1038699.07402005
2026-09-01,1016848.9207679,12583.54486583,12583.54486583,12583.54486583,12583.54486583,12583.54486583,12583.54486583,0,0,0,941167.384434616,1114518.04969757,934822.555207471,1094959.14892987,1029432.46563373
2026-10-01,998224.292717759,17062.37774329,17062.37774329,17062.37774329,17062.37774329,17062.37774329,17062.37774329,0,0,0,922022.98048189,1103013.28590245,909608.752631517,1082790.07928625,1015286.67046105
2026-11-01,978978.843732613,14804.7849401429,14804.7849401429,14804.7849401429,14804.7849401429,14804.7849401429,14804.7849401429,0,0,0,898811.380224477,1091878.83152123,882881.860650653,1070782.86695925,993783.628672756
2026-12-01,960354.215682472,17457.890319424,17457.890319424,17457.890319424,17457.890319424,17457.890319424,17457.890319424,0,0,0,867702.063435061,1082925.29303077,855902.215965469,1060010.68016436,977812.106001896
2027-01-01,941108.766697326,7698.00201173507,7698.00201173507,7698.00201173507,7698.00201173507,7698.00201173507,7698.00201173507,0,0,0,833519.651237576,1060540.52761915,829494.767878946,1048911.74154975,948806.768709061
2027-02-01,921863.317712181,-2652.71734614909,-2652.71734614909,-2652.71734614909,-2652.71734614909,-2652.71734614909,-2652.71734614909,0,0,0,792563.95557662,1041930.82069419,802439.612868686,1037042.90868307,919210.600366032
2027-03-01,904480.331532049,30383.6558164651,30383.6558164651,30383.6558164651,30383.6558164651,30383.6558164651,30383.6558164651,0,0,0,807443.677896256,1061064.66819135,777715.081915505,1027671.08660715,934863.987348514
2027-04-01,885234.882546903,18481.5861807252,18481.5861807252,18481.5861807252,18481.5861807252,18481.5861807252,18481.5861807252,0,0,0,768695.770671362,1040891.53142205,750878.513198738,1018498.0596873,903716.468727629
2027-05-01,866610.254496762,9578.25821358925,9578.25821358925,9578.25821358925,9578.25821358925,9578.25821358925,9578.25821358925,0,0,0,727103.5817365,1016793.37575719,724357.119028862,1008776.84293337,876188.512710351
2027-06-01,847364.805511617,9901.53816354477,9901.53816354477,9901.53816354477,9901.53816354477,9901.53816354477,9901.53816354477,0,0,0,702486.802937884,1007994.36301145,696478.097907443,997310.545566278,857266.343675161
2027-07-01,828740.177461476,2690.72265580431,2690.72265580431,2690.72265580431,2690.72265580431,2690.72265580431,2690.72265580431,0,0,0,670961.854361623,992273.972193535,667554.001850116,987644.838055326,831430.90011728
2027-08-01,809494.72847633,-2880.7771734118,-2880.7771734118,-2880.7771734118,-2880.7771734118,-2880.7771734118,-2880.7771734118,0,0,0,633752.100937765,975619.134828955,638701.5854459,976906.750670302,806613.951302918
2027-09-01,790249.279491184,16151.6875841136,16151.6875841136,16151.6875841136,16151.6875841136,16151.6875841136,16151.6875841136,0,0,0,631333.494992034,982372.084340598,609279.684267682,965973.183095834,806400.967075298
2027-10-01,771624.651441043,23267.6991414154,23267.6991414154,23267.6991414154,23267.6991414154,23267.6991414154,23267.6991414154,0,0,0,605555.025299587,982728.406648022,582069.229927331,959132.55656821,794892.350582459
2027-11-01,752379.202455898,18781.7341208568,18781.7341208568,18781.7341208568,18781.7341208568,18781.7341208568,18781.7341208568,0,0,0,571538.695742524,970587.761847397,555543.604331434,950533.751130957,771160.936576754
2027-12-01,733754.574405756,18730.2690940087,18730.2690940087,18730.2690940087,18730.2690940087,18730.2690940087,18730.2690940087,0,0,0,541588.256961773,955462.901568618,528496.8459318,943319.749301292,752484.843499765
2028-01-01,714509.125420611,1510.18042434532,1510.18042434532,1510.18042434532,1510.18042434532,1510.18042434532,1510.18042434532,0,0,0,492938.784053287,937493.455615374,499488.700908725,932631.806520238,716019.305844956
2028-02-01,695263.676435465,-19727.8892037686,-19727.8892037686,-19727.8892037686,-19727.8892037686,-19727.8892037686,-19727.8892037686,0,0,0,446353.715720135,904923.145710033,471072.56664423,921552.922758305,675535.787231697
2028-03-01,677259.869320329,-15654.6142812292,-15654.6142812292,-15654.6142812292,-15654.6142812292,-15654.6142812292,-15654.6142812292,0,0,0,432786.378452369,898694.193815352,443617.411315925,915715.834802297,661605.2550391
2028-04-01,658014.420335183,-1061.03738548108,-1061.03738548108,-1061.03738548108,-1061.03738548108,-1061.03738548108,-1061.03738548108,0,0,0,411662.972472496,898741.329473238,417446.553602934,907216.684362918,656953.382949702
2028-05-01,639389.792285042,11519.7826454601,11519.7826454601,11519.7826454601,11519.7826454601,11519.7826454601,11519.7826454601,0,0,0,393320.889769354,911477.15612406,386573.190552498,901928.255717662,650909.574930502
2028-06-01,620144.343299896,17294.1192583817,17294.1192583817,17294.1192583817,17294.1192583817,17294.1192583817,17294.1192583817,0,0,0,364488.559112564,914420.633928758,355987.581980856,890950.412057456,637438.462558278
2028-07-01,601519.715249755,19600.4885059726,19600.4885059726,19600.4885059726,19600.4885059726,19600.4885059726,19600.4885059726,0,0,0,343005.831244159,893287.791986921,325479.684036948,882939.626595661,621120.203755728
2028-08-01,582274.26626461,14174.0670959221,14174.0670959221,14174.0670959221,14174.0670959221,14174.0670959221,14174.0670959221,0,0,0,304059.099222025,897260.245645864,292343.902801987,873052.878385133,596448.333360532
2028-09-01,563028.817279464,6164.15076495838,6164.15076495838,6164.15076495838,6164.15076495838,6164.15076495838,6164.15076495838,0,0,0,259227.89438183,869006.30486949,259832.154764236,864215.698330499,569192.968044422
2028-10-01,544404.189229323,4742.84304817678,4742.84304817678,4742.84304817678,4742.84304817678,4742.84304817678,4742.84304817678,0,0,0,233087.639297238,857883.336378944,224075.730325888,854854.111606838,549147.0322775
2028-11-01,525158.740244178,6466.81140877723,6466.81140877723,6466.81140877723,6466.81140877723,6466.81140877723,6466.81140877723,0,0,0,197205.791287076,854480.838509916,191488.032198714,846489.521059797,531625.551652955
2028-12-01,506534.112194036,14145.0964585493,14145.0964585493,14145.0964585493,14145.0964585493,14145.0964585493,14145.0964585493,0,0,0,173433.359533875,854141.756872987,158074.69202722,838382.310851139,520679.208652585
2029-01-01,487288.663208891,19353.3886438003,19353.3886438003,19353.3886438003,19353.3886438003,19353.3886438003,19353.3886438003,0,0,0,152386.487937897,839903.294100599,124136.504975169,828377.294703096,506642.051852691
2029-02-01,468043.214223745,32281.3125006966,32281.3125006966,32281.3125006966,32281.3125006966,32281.3125006966,32281.3125006966,0,0,0,120749.26058138,853354.183180658,92471.4317207407,815320.056051859,500324.526724441
2029-03-01,450660.228043613,-621.783185298466,-621.783185298466,-621.783185298466,-621.783185298466,-621.783185298466,-621.783185298466,0,0,0,58536.053584897,808624.997978131,62233.1880271936,813357.826684029,450038.444858315
2029-04-01,431414.779058468,5613.25655230476,5613.25655230476,5613.25655230476,5613.25655230476,5613.25655230476,5613.25655230476,0,0,0,36614.469450248,814326.905163281,29417.6052543122,806827.782116287,437028.035610772
2029-05-01,412790.151008327,11098.6881353455,11098.6881353455,11098.6881353455,11098.6881353455,11098.6881353455,11098.6881353455,0,0,0,9212.64903744347,808249.579603469,-7351.13384990034,801151.735471253,423888.839143672
2029-06-01,393544.702023181,14990.2664003007,14990.2664003007,14990.2664003007,14990.2664003007,14990.2664003007,14990.2664003007,0,0,0,-14350.9859258284,810164.728829251,-43824.0069808186,793272.933265747,408534.968423482
2029-07-01,374920.07397304,13983.5558953296,13983.5558953296,13983.5558953296,13983.5558953296,13983.5558953296,13983.5558953296,0,0,0,-45569.9951419468,801202.271409688,-71777.0696061629,785845.694498546,388903.629868369
2029-08-01,355674.624987894,8292.20141813413,8292.20141813413,8292.20141813413,8292.20141813413,8292.20141813413,8292.20141813413,0,0,0,-87457.625940315,797009.531411,-101669.69604814,778725.92708956,363966.826406028
2029-09-01,336429.176002749,9253.01513509073,9253.01513509073,9253.01513509073,9253.01513509073,9253.01513509073,9253.01513509073,0,0,0,-124824.497959691,789396.104814704,-131699.033215745,771922.67601431,345682.19113784
2029-10-01,317804.547952607,10884.0235811234,10884.0235811234,10884.0235811234,10884.0235811234,10884.0235811234,10884.0235811234,0,0,0,-149553.967294003,784560.480137023,-158825.357531439,767147.763797836,328688.571533731
2029-11-01,298559.098967462,10697.2176340469,10697.2176340469,10697.2176340469,10697.2176340469,10697.2176340469,10697.2176340469,0,0,0,-170798.043050648,777541.362441902,-185540.136019926,756399.314643615,309256.316601509
2029-12-01,279934.470917321,15929.3547945034,15929.3547945034,15929.3547945034,15929.3547945034,15929.3547945034,15929.3547945034,0,0,0,-214764.063724404,784251.867899309,-217680.023258987,750218.787831942,295863.825711824
2030-01-01,260689.021932175,13649.7478383549,13649.7478383549,13649.7478383549,13649.7478383549,13649.7478383549,13649.7478383549,0,0,0,-240257.377059044,766513.904261075,-248455.405849223,746059.75680917,274338.76977053
2030-02-01,241443.572947029,14690.3882551273,14690.3882551273,14690.3882551273,14690.3882551273,14690.3882551273,14690.3882551273,0,0,0,-273589.647969731,762965.420427607,-281828.153845289,736592.88513984,256133.961202157
2030-03-01,224060.586766898,14730.0679161231,14730.0679161231,14730.0679161231,14730.0679161231,14730.0679161231,14730.0679161231,0,0,0,-317263.364747184,746137.608200221,-315073.909571307,727984.560323203,238790.654683021
2030-04-01,204815.137781752,12131.6661923044,12131.6661923044,12131.6661923044,12131.6661923044,12131.6661923044,12131.6661923044,0,0,0,-336677.894639099,738669.503440155,-347291.180901974,721042.421786068,216946.803974056
2030-05-01,186190.509731611,10451.7340203005,10451.7340203005,10451.7340203005,10451.7340203005,10451.7340203005,10451.7340203005,0,0,0,-386854.441754984,719496.640119458,-382680.883087468,711060.978697228,196642.243751912
2030-06-01,166945.060746465,12524.4508988947,12524.4508988947,12524.4508988947,12524.4508988947,12524.4508988947,12524.4508988947,0,0,0,-398346.849830668,721078.713089663,-420657.978027483,705860.640445268,179469.51164536
2030-07-01,148320.432696324,8343.71641744547,8343.71641744547,8343.71641744547,8343.71641744547,8343.71641744547,8343.71641744547,0,0,0,-447250.088639406,717591.706296025,-456601.864382859,704095.769495003,156664.14911377
2030-08-01,129074.983711179,2604.70426697325,2604.70426697325,2604.70426697325,2604.70426697325,2604.70426697325,2604.70426697325,0,0,0,-497352.968875607,694442.934042057,-486808.47264392,695802.314069352,131679.687978152
2030-09-01,109829.534726033,12583.5448658725,12583.5448658725,12583.5448658725,12583.5448658725,12583.5448658725,12583.5448658725,0,0,0,-488432.668566158,705503.67236958,-510603.742646411,690762.450017994,122413.079591906
2030-10-01,91204.9066758917,17062.3777433975,17062.3777433975,17062.3777433975,17062.3777433975,17062.3777433975,17062.3777433975,0,0,0,-528664.916477002,708483.025274942,-534446.235232339,687750.400591988,108267.284419289
2030-11-01,71959.4576907464,14804.7849401806,14804.7849401806,14804.7849401806,14804.7849401806,14804.7849401806,14804.7849401806,0,0,0,-565029.204812225,696163.349488495,-569566.012823289,686957.789663929,86764.242630927
2030-12-01,53334.8296406051,17457.8903194497,17457.8903194497,17457.8903194497,17457.8903194497,17457.8903194497,17457.8903194497,0,0,0,-594440.554572492,691377.244908852,-608053.973021197,682796.10948669,70792.7199600548
2031-01-01,34089.3806554594,7698.00201175191,7698.00201175191,7698.00201175191,7698.00201175191,7698.00201175191,7698.00201175191,0,0,0,-648481.488296176,682456.18893005,-648919.10665039,678400.013545925,41787.3826672113
2031-02-01,14843.9316703137,-2652.71734627347,-2652.71734627347,-2652.71734627347,-2652.71734627347,-2652.71734627347,-2652.71734627347,0,0,0,-704422.111314577,673999.245318944,-684922.081372424,677839.758697147,12191.2143240402
2031-03-01,-2539.05450981775,30383.6558165399,30383.6558165399,30383.6558165399,30383.6558165399,30383.6558165399,30383.6558165399,0,0,0,-692919.117600823,694476.057227149,-718756.52606671,669983.121421872,27844.6013067221
2031-04-01,-21784.5034949634,18481.5861807344,18481.5861807344,18481.5861807344,18481.5861807344,18481.5861807344,18481.5861807344,0,0,0,-738007.752834488,686323.794007457,-754595.961611796,665434.318456126,-3302.91731422898
2031-05-01,-40409.1315451048,9578.25821356132,9578.25821356132,9578.25821356132,9578.25821356132,9578.25821356132,9578.25821356132,0,0,0,-779736.450847013,665719.732365675,-782126.512326594,663011.881839315,-30830.8733315435
2031-06-01,-59654.5805302504,9901.53816354019,9901.53816354019,9901.53816354019,9901.53816354019,9901.53816354019,9901.53816354019,0,0,0,-815977.944939117,683051.388013546,-818434.98680155,662336.973371813,-49753.0423667103
2031-07-01,-78279.2085803914,2690.72265584066,2690.72265584066,2690.72265584066,2690.72265584066,2690.72265584066,2690.72265584066,0,0,0,-861396.185237924,663588.738100086,-849270.056659432,658593.950276237,-75588.4859245507
2031-08-01,-97524.6575655371,-2880.77717335469,-2880.77717335469,-2880.77717335469,-2880.77717335469,-2880.77717335469,-2880.77717335469,0,0,0,-893266.361591333,643899.956628068,-883253.027849924,655139.076080664,-100405.434738892
2031-09-01,-116770.106550683,16151.6875841381,16151.6875841381,16151.6875841381,16151.6875841381,16151.6875841381,16151.6875841381,0,0,0,-929779.446938355,670962.557045503,-929448.141673318,650316.817837585,-100618.418966545
2031-10-01,-135394.734600824,23267.6991413601,23267.6991413601,23267.6991413601,23267.6991413601,23267.6991413601,23267.6991413601,0,0,0,-942272.816617999,671363.333742732,-965114.574930848,647283.805917726,-112127.035459464
2031-11-01,-154640.183585969,18781.7341208241,18781.7341208241,18781.7341208241,18781.7341208241,18781.7341208241,18781.7341208241,0,0,0,-973669.658940539,648676.106216012,-1007338.70060365,644579.348231957,-135858.449465145
2031-12-01,-173264.811636111,18730.2690939817,18730.2690939817,18730.2690939817,18730.2690939817,18730.2690939817,18730.2690939817,0,0,0,-1023399.54863572,660915.852937422,-1049134.4166093,642422.794401649,-154534.542542129
2032-01-01,-192510.260621256,1510.18042426765,1510.18042426765,1510.18042426765,1510.18042426765,1510.18042426765,1510.18042426765,0,0,0,-1078266.20152524,634099.199996111,-1090521.37344967,642588.924004281,-191000.080196988
2032-02-01,-211755.709606402,-19727.8892036971,-19727.8892036971,-19727.8892036971,-19727.8892036971,-19727.8892036971,-19727.8892036971,0,0,0,-1146819.34338754,613784.82249428,-1129902.35124764,638616.296942017,-231483.598810099
2032-03-01,-229759.516721538,-15654.6142813285,-15654.6142813285,-15654.6142813285,-15654.6142813285,-15654.6142813285,-15654.6142813285,0,0,0,-1163654.92767512,628586.280595439,-1158289.97644714,634555.923747369,-245414.131002866
2032-04-01,-249004.965706684,-1061.03738544764,-1061.03738544764,-1061.03738544764,-1061.03738544764,-1061.03738544764,-1061.03738544764,0,0,0,-1187006.01383081,618269.49487394,-1191919.60613834,630958.187232971,-250066.003092132
2032-05-01,-267629.593756825,11519.7826453908,11519.7826453908,11519.7826453908,11519.7826453908,11519.7826453908,11519.7826453908,0,0,0,-1203397.41019318,647317.138025203,-1224641.9761393,627811.550006171,-256109.811111434
2032-06-01,-286875.042741971,17294.1192583905,17294.1192583905,17294.1192583905,17294.1192583905,17294.1192583905,17294.1192583905,0,0,0,-1231437.53766081,635485.484121133,-1260852.4747402,626389.78313195,-269580.92348358
2032-07-01,-305499.670792111,19600.4885058638,19600.4885058638,19600.4885058638,19600.4885058638,19600.4885058638,19600.4885058638,0,0,0,-1273938.21401775,650874.206259593,-1294714.60438806,624258.171057965,-285899.182286248
2032-08-01,-324745.119777257,14174.0670959237,14174.0670959237,14174.0670959237,14174.0670959237,14174.0670959237,14174.0670959237,0,0,0,-1308204.36902587,636824.56711918,-1326778.75621942,617777.076777933,-310571.052681333
2032-09-01,-343990.568762403,6164.15076490374,6164.15076490374,6164.15076490374,6164.15076490374,6164.15076490374,6164.15076490374,0,0,0,-1348942.92179472,624767.654217137,-1359240.50442365,618093.239021115,-337826.417997499
2032-10-01,-362615.196812544,4742.8430481335,4742.8430481335,4742.8430481335,4742.8430481335,4742.8430481335,4742.8430481335,0,0,0,-1383444.01424464,619422.406721445,-1387213.82372223,614733.893911337,-357872.35376441
2032-11-01,-381860.64579769,6466.81140881867,6466.81140881867,6466.81140881867,6466.81140881867,6466.81140881867,6466.81140881867,0,0,0,-1404717.60629865,613283.373444771,-1415444.74675066,610634.479250415,-375393.834388871
2032-12-01,-400485.273847831,14145.0964585463,14145.0964585463,14145.0964585463,14145.0964585463,14145.0964585463,14145.0964585463,0,0,0,-1433818.1693422,608535.008431553,-1442991.02566496,605967.468806999,-386340.177389285
2033-01-01,-419730.722832976,19353.3886437633,19353.3886437633,19353.3886437633,19353.3886437633,19353.3886437633,19353.3886437633,0,0,0,-1450817.96151214,618600.498931732,-1477900.0219613,605140.133272109,-400377.334189213
2033-02-01,-438976.171818122,32281.3125007319,32281.3125007319,32281.3125007319,32281.3125007319,32281.3125007319,32281.3125007319,0,0,0,-1484085.70840488,628246.553377635,-1514914.30904405,605216.152646116,-406694.85931739
2033-03-01,-456359.157998254,-621.783185217392,-621.783185217392,-621.783185217392,-621.783185217392,-621.783185217392,-621.783185217392,0,0,0,-1541770.4151127,593019.891141967,-1550244.91749353,603592.998762801,-456980.941183471
2033-04-01,-475604.6069834,5613.25655234527,5613.25655234527,5613.25655234527,5613.25655234527,5613.25655234527,5613.25655234527,0,0,0,-1566348.2891841,591711.47542734,-1581431.52875522,598506.994703421,-469991.350431054
2033-05-01,-494229.235033541,11098.688135378,11098.688135378,11098.688135378,11098.688135378,11098.688135378,11098.688135378,0,0,0,-1588094.03649416,616016.789534709,-1612250.72451297,596893.652868616,-483130.546898163
2033-06-01,-513474.684018686,14990.2664003036,14990.2664003036,14990.2664003036,14990.2664003036,14990.2664003036,14990.2664003036,0,0,0,-1620528.96141853,610955.155877955,-1650654.25329406,592802.792464129,-498484.417618382
2033-07-01,-532099.312068827,13983.5558952508,13983.5558952508,13983.5558952508,13983.5558952508,13983.5558952508,13983.5558952508,0,0,0,-1686463.43099803,614568.769468083,-1682043.68598928,592045.503493032,-518115.756173576
2033-08-01,-551344.761053973,8292.20141815379,8292.20141815379,8292.20141815379,8292.20141815379,8292.20141815379,8292.20141815379,0,0,0,-1706108.71922646,593870.663636986,-1709228.75230476,587385.432630531,-543052.559635819
2033-09-01,-570590.210039119,9253.01513518286,9253.01513518286,9253.01513518286,9253.01513518286,9253.01513518286,9253.01513518286,0,0,0,-1730730.92932281,597536.362657885,-1736805.38702411,591063.767629631,-561337.194903936
2033-10-01,-589214.838089259,10884.0235810949,10884.0235810949,10884.0235810949,10884.0235810949,10884.0235810949,10884.0235810949,0,0,0,-1767202.09918951,598150.932215656,-1773393.86710225,590239.46397716,-578330.814508164
2033-11-01,-608460.287074406,10697.2176341086,10697.2176341086,10697.2176341086,10697.2176341086,10697.2176341086,10697.2176341086,0,0,0,-1789302.81171755,600098.606904758,-1812248.56303469,590520.144936314,-597763.069440297
2033-12-01,-627084.915124547,15929.3547946137,15929.3547946137,15929.3547946137,15929.3547946137,15929.3547946137,15929.3547946137,0,0,0,-1835052.50060155,601975.413618049,-1845767.6200441,580954.824821251,-611155.560329933
2034-01-01,-646330.364109692,13649.7478382901,13649.7478382901,13649.7478382901,13649.7478382901,13649.7478382901,13649.7478382901,0,0,0,-1878143.86527335,607863.991561347,-1890082.56261488,573780.457486234,-632680.616271402
2034-02-01,-665575.813094837,14690.3882551608,14690.3882551608,14690.3882551608,14690.3882551608,14690.3882551608,14690.3882551608,0,0,0,-1916742.38109521,588635.186414083,-1930301.54057086,571707.924285594,-650885.424839677
2034-03-01,-682958.799274969,14730.067916093,14730.067916093,14730.067916093,14730.067916093,14730.067916093,14730.067916093,0,0,0,-1946023.72091627,588669.553219221,-1967509.45307363,576959.336466633,-668228.731358876
2034-04-01,-702204.248260115,12131.6661922519,12131.6661922519,12131.6661922519,12131.6661922519,12131.6661922519,12131.6661922519,0,0,0,-1984815.56348577,591091.219965295,-2010489.59015915,582346.720961431,-690072.582067863
2034-05-01,-720828.876310255,10451.7340203591,10451.7340203591,10451.7340203591,10451.7340203591,10451.7340203591,10451.7340203591,0,0,0,-2047669.47543174,589442.85865577,-2046753.80738876,577430.366143058,-710377.142289896
2034-06-01,-740074.325295402,12524.4508989998,12524.4508989998,12524.4508989998,12524.4508989998,12524.4508989998,12524.4508989998,0,0,0,-2066895.980014,596324.369700463,-2083835.76459829,580139.948874361,-727549.874396402
2034-07-01,-758698.953345543,8343.71641749855,8343.71641749855,8343.71641749855,8343.71641749855,8343.71641749855,8343.71641749855,0,0,0,-2128308.22171056,593200.872671085,-2125725.3018489,585648.215175375,-750355.236928044
2034-08-01,-777944.402330689,2604.70426697935,2604.70426697935,2604.70426697935,2604.70426697935,2604.70426697935,2604.70426697935,0,0,0,-2151424.29222602,588787.122300797,-2160594.58147063,592945.041543697,-775339.69806371
2034-09-01,-797189.851315834,12583.5448658321,12583.5448658321,12583.5448658321,12583.5448658321,12583.5448658321,12583.5448658321,0,0,0,-2181827.5041225,599539.530876183,-2191572.61112522,599865.058628654,-784606.306450002
2034-10-01,-815814.479365975,17062.3777434461,17062.3777434461,17062.3777434461,17062.3777434461,17062.3777434461,17062.3777434461,0,0,0,-2213256.61835331,603896.275163784,-2218134.80571651,605843.820139992,-798752.101622529
2034-11-01,-835059.928351121,14804.784940062,14804.784940062,14804.784940062,14804.784940062,14804.784940062,14804.784940062,0,0,0,-2239840.4021912,629398.26470062,-2246574.81836116,608231.124735202,-820255.143411059
2034-12-01,-853684.556401261,17457.890319386,17457.890319386,17457.890319386,17457.890319386,17457.890319386,17457.890319386,0,0,0,-2283730.00612795,627109.402871035,-2285034.9900638,610490.566339503,-836226.666081875
2035-01-01,-872930.005386407,7698.00201175909,7698.00201175909,7698.00201175909,7698.00201175909,7698.00201175909,7698.00201175909,0,0,0,-2312852.42281228,624520.300149343,-2325044.60914366,613588.684907287,-865232.003374648
2035-02-01,-892175.454371554,-2652.71734627878,-2652.71734627878,-2652.71734627878,-2652.71734627878,-2652.71734627878,-2652.71734627878,0,0,0,-2369731.83797659,606296.533493075,-2359307.03632784,616544.118121647,-894828.171717832
2035-03-01,-909558.440551685,30383.6558164309,30383.6558164309,30383.6558164309,30383.6558164309,30383.6558164309,30383.6558164309,0,0,0,-2365817.48236874,636209.113945195,-2384427.59815748,618783.35523866,-879174.784735254
